,Added by,System,In EDSM?,No of NSP Sites,Mollusc Sites,Lagrange Cloud Sites,Ice Crystal Sites,Metallic Crystal Sites,Silicate Crystal Sites,Solid Mineral Sites,Unnamed: 10,Unnamed: 11,Unnamed: 12,Unnamed: 13,Unnamed: 14,Unnamed: 15,Unnamed: 16,Unnamed: 17,Unnamed: 18,Unnamed: 19,Unnamed: 20,Unnamed: 21,Unnamed: 22,X,Y,Z
3,CMDR ADM INFWHALE,DROKIO AS-R B37-0,,3 (202KLS),"LIVIDUM, BULLET",,"PRASINUM, ALBIDUM",,,,,,,,,,,,,,,,,15305.3125,-210.90625,3577.71875
6,CMDR ADM INFWHALE,DROKIO AW-V C18-1,,3,"VIRIDE, BULLET",,ALBIDUM,,,,,,,,,,,,,,,,,15302.78125,-222.75,3596.15625
14,CMDR ADM INFWHALE,DROKIO BW-V C18-1,,3,"LIVIDUM, BULLET",,,"RUBEUM, PRASINUM",,,,,,,,,,,,,,,,15343.71875,-220.53125,3577.6875
22,CMDR ADM INFWHALE,DROKIO DX-A B33-0,,2,"LIVIDUM, BULLET",,"ALBIDUM, ROSEUM",,,,,,,,,,,,,,,,,15321.5,-180.875,3494.21875
26,CMDR ADM INFWHALE,DROKIO EM-U C19-0,,3,"CEREUM, BULLET",,,"PRASINUM, ROSEUM",,,,,,,,,,,,,,,,15458.59375,-139.84375,3616.90625
31,CMDR ADM INFWHALE,DROKIO EO-O D7-2,,2 (456KLS),"LIVIDUM, BULLET",,"PRASINUM, PURPUREUM",,,,,,,,,,,,,,,,,15317.375,-171.0,3443.125
33,CMDR ADM INFWHALE,DROKIO EY-P B38-0,,2 (14KLS),"RUBEUM, BULLET",,"LINDIGOTICUM, PRASINUM",,,,,,,,,,,,,,,,,15298.4375,-212.5625,3612.65625
43,Cmdr Malzerina,DROKIO II-S E4-0,,1,,,,,,,,,,,,,,,,,,,,15333.9375,-227.25,3719.78125
46,CMDR ADM INFWHALE,DROKIO MI-B C16-1,,2,,,,,,,,,,,,,,,,,,,,15324.0,-168.25,3469.84375
50,CMDR ADM INFWHALE,DROKIO OE-X B34-0,,2,"VIRIDE, BULLET",,"RUBEUM, PRASINUM",,,,,,,,,,,,,,,,,15337.25,-204.15625,3517.4375
52,Cmdr Malzerina,DROKIO QF-C B46-0,,1,,,,,,,,,,,,,,,,,,,,15500.71875,-184.84375,3759.90625
60,CMDR ADM INFWHALE,DROKIO SJ-Z C16-1,,2,"VIRIDE, BULLET",,"RUBEUM, PRASINUM",,,,,,,,,,,,,,,,,15330.4375,-201.15625,3495.03125
62,CMDR ADM INFWHALE,DROKIO TP-E B31-0,,2,,,,,,,,,,,,,,,,,,,,15317.21875,-162.34375,3439.8125
67,CMDR ADM INFWHALE,DROKIO XP-X C17-0,,2 (40KLS),"VIRIDE, BULLET",,ALBIDUM,PRASINUM,,,,,,,,,,,,,,,,15357.84375,-207.40625,3565.34375
80,CMDR ADM INFWHALE,DROKOE AA-R B24-0,,,,,,,,,,,,,,,,,,,,,,14737.3125,-160.4375,3296.1875
87,CMDR GamerMcGamerson,DROKOE AB-U D4-5,,3,"CEREUM, BULLET",,"LINDIGOTICUM, FLAVUM",PRASINUM,,,,,,,,,,,,,,,,14890.5,-83.125,3249.5
90,Raf von Thorn,DROKOE AB-U D4-9,,2,"RUBEUM, BULLET",,,PURPUREUM,,,,,,,,,,,,,,,,14828.21875,-67.4375,3196.25
94,CMDR ADM INFWHALE,DROKOE AU-I C25-0,,2,,,,,,,,,,,,,,,,,,,,14664.59375,-369.875,3884.78125
97,CMDR ADM INFWHALE,DROKOE AD-D C15-0,,,,,,,,,,,,,,,,,,,,,,14738.6875,-180.65625,3420.40625
98,CMDR ADM INFWHALE,DROKOE AD-D C15-1,,,,,,,,,,,,,,,,,,,,,,14758.28125,-168.65625,3438.0625
99,CMDR ADM INFWHALE,DROKOE AE-J B42-0,,2,"RUBEUM, BULLET",,,"PURPUREUM, RUBEUM",,,,,,,,,,,,,,,,15216.84375,-200.5,3676.0625
101,CMDR ADM INFWHALE,DROKOE AG-G B30-0,,,,,,,,,,,,,,,,,,,,,,14750.125,-181.28125,3420.71875
102,CMDR ADM INFWHALE,DROKOE AH-J D10-5,,1,"VIRIDE, BULLET",,FLAVUM,,,,,,,,,,,,,,,,,14856.875,-179.4375,3662.03125
103,CMDR ADM INFWHALE,DROKOE AX-K B41-0,,1,"LIVIDUM, BULLET",,"FLAVUM, ALBIDUM",,,,,,,,,,,,,,,,,14776.90625,-200.5625,3655.40625
104,CMDR ADM INFWHALE,DROKOE BC-M B27-0,,,,,,,,,,,,,,,,,,,,,,14595.4375,-123.875,3360.5
105,CMDR ADM INFWHALE,DROKOE BD-D C15-0,,,,,,,,,,,,,,,,,,,,,,14777.3125,-179.96875,3418.0625
106,CMDR ADM INFWHALE,DROKOE BD-S B37-0,,1,"LIVIDUM, BULLET",,,,,,,,,,,,,,,,,,,14639.28125,-182.5,3579.34375
107,Cmdr Toile Rewyd,DROKOE BE-S B37-0,Y,3,,,,,,,,,,,,,,,,,,,,15159.4375,-184.3125,3576.875
110,CMDR ADM INFWHALE,DROKOE BF-H C26-1,,2,"VIRIDE, BULLET",,"FLAVUM, RUBEUM",,,,,,,,,,,,,,,,,14623.34375,-327.78125,3900.4375
112,CMDR ADM INFWHALE,DROKOE BG-G B30-0,,,,,,,,,,,,,,,,,,,,,,14755.0625,-180.59375,3417.9375
113,CMDR SASSY,DROKOE BK-W B48-0,,3,,,,,,,,,,,,,,,,,,,,14605.71875,-242.8125,3818.0625
116,CMDR ADM INFWHALE,DROKOE CB-M D8-2,,2,,,,,,,,,,,,,,,,,,,,15023.65625,-503.0625,3518.0625
118,CMDR ADM INFWHALE,DROKOE CB-W E2-0,,2,"RUBEUM, BULLET",PROTO,,"PRASINUM, PURPUREUM",,,,,,,,,,,,,,,,14711.90625,-159.59375,3379.25
120,CMDR ADM INFWHALE,DROKOE CB-W E2-1,,,,,,,,,,,,,,,,,,,,,,14732.4375,-178.84375,3353.4375
121,CMDR ADM INFWHALE,DROKOE CG-O B26-0,,,,,,,,,,,,,,,,,,,,,,14779.1875,-82.1875,3340.53125
122,CMDR ADM INFWHALE,DROKOE CH-S D5-7,,,,,,,,,,,,,,,,,,,,,,14681.1875,-92.34375,3330.75
123,CMDR ADM INFWHALE,DROKOE CH-S D5-8,,,,,,,,,,,,,,,,,,,,,,14668.3125,-58.25,3292.90625
124,Cmdr Toile Rewyd,DROKOE CK-I B29-0,Y,1,,,,,,,,,,,,,,,,,,,,14943.46875,-141.4375,3395.375
131,CMDR ADM INFWHALE,DROKOE CU-F B44-0,,1,"LIVIDUM, BULLET",,"FLAVUM, PRASINUM",,,,,,,,,,,,,,,,,14619.84375,-184.125,3720.625
132,CMDR Lukhinka,DROKOE CV-P B25-0,,1,,,"LINDIGOTICUM, PURPUREUM",,,,,,,,,,,,,,,,,14817.21875,-103.96875,3316.53125
135,CMDR ADM INFWHALE,DROKOE CW-N B26-0,,,,,,,,,,,,,,,,,,,,,,14699.1875,-121.78125,3338.28125
136,CMDR ADM INFWHALE,DROKOE CW-Z C15-0,,2,,,,,,,,,,,,,,,,,,,,15067.9375,-478.5,3483.78125
138,CMDR ADM INFWHALE,DROKOE CY-C C15-0,,,,,,,,,,,,,,,,,,,,,,14754.40625,-195.9375,3417.96875
142,CMDR ADM INFWHALE,DROKOE DA-V B49-0,,1 (369KLS),,,,,,,,,,,,,,,,,,,,14638.40625,-204.125,3839.40625
143,CMDR ADM INFWHALE,DROKOE DB-C B59-0,,1,"LIVIDUM, BULLET",,"PRASINUM, ALBIDUM",,,,,,,,,,,,,,,,,14597.90625,-338.1875,4035.875
147,Cmdr Toile Rewyd,DROKOE DD-J B42-0,Y,1,,,,,,,,,,,,,,,,,,,,14769.9375,-187.3125,3684.3125
149,CMDR ADM INFWHALE,DROKOE DP-Q B38-0,,2,"VIRIDE, BULLET",,RUBEUM,,,,,,,,,,,,,,,,,15159.71875,-160.25,3599.78125
153,CMDR ADM INFWHALE,DROKOE DY-C C15-1,,,,,,,,,,,,,,,,,,,,,,14781.53125,-201.6875,3453.75
156,Cmdr. Nocturnous,DROKOE EH-S D5-0,,2,,,"FLAVIUM, ALBIDUM","PRASNIUM, PURPUREUM",,,,,,,,,,,,,,,,14887.375,-71.03125,3259.40625
158,CMDR ADM INFWHALE,DROKOE EI-H D11-0,,1,"LIVIDUM, BULLET",,"LINDIGOTICUM, ALBIDUM",,,,,,,,,,,,,,,,,14698.59375,-237.375,3766.90625
159,CMDR Lukhinka,DROKOE EI-M C10-0,,1,"LIVIDUM, BULLET",,"RUBEUM, ROSEUM",,,,,,,,,,,,,,,,,14818.0625,-101.375,3216.0625
163,Raf von Thorn,DROKOE EV-P B25-0,,3,,,"PRASINUM, PURPUREUM",,,,,,,,,,,,,,,,,14858.84375,-104.34375,3320.71875
166,CMDR ADM INFWHALE,DROKOE EW-N B26-0,,,,,,,,,,,,,,,,,,,,,,14737.40625,-123.84375,3338.21875
168,CMDR ADM INFWHALE,DROKOE FC-S D5-8,,,,,,,,,,,,,,,,,,,,,,14797.34375,-154.4375,3294.75
169,CMDR ADM INFWHALE,DROKOE FE-K C24-0,,2,,,,,,,,,,,,,,,,,,,,14890.6875,-454.125,3831.3125
173,CMDR ADM INFWHALE,DROKOE FH-M B27-0,,,,,,,,,,,,,,,,,,,,,,14716.4375,-102.59375,3358.09375
177,CMDR ADM INFWHALE,DROKOE FJ-K C11-1,,,,,,,,,,,,,,,,,,,,,,14651.875,-117.21875,3289.125
178,Cmdr Malzerina,DROKOE FK-Q B38-0,,3,,,,,,,,,,,,,,,,,,,,15158.90625,-183.71875,3595.46875
181,CMDR ADM INFWHALE,DROKOE FM-V B22-0,,,,,,,,,,,,,,,,,,,,,,14686.71875,-64.09375,3273.375
182,CMDR ADM INFWHALE,DROKOE FN-K B28-0,,,,,,,,,,,,,,,,,,,,,,14635.1875,-102.53125,3378.4375
183,CMDR ADM INFWHALE,DROKOE FN-Q D6-11,,,,,,,,,,,,,,,,,,,,,,14579.4375,-102.34375,3341.9375
184,CMDR ADM INFWHALE,DROKOE FN-Q D6-12,,,,,,,,,,,,,,,,,,,,,,14575.1875,-100.59375,3353.75
185,CMDR ADM INFWHALE,DROKOE FN-Q D6-8,,,,,,,,,,,,,,,,,,,,,,14599.125,-103.90625,3386.78125
188,CMDR ADM INFWHALE,DROKOE FX-L B27-0,,,,,,,,,,,,,,,,,,,,,,14638.40625,-141.625,3356.3125
189,CMDR ADM INFWHALE,DROKOE GC-L B41-0,,1,"CEREUM, BULLET",,,"PURPUREUM, PRASINUM",,,,,,,,,,,,,,,,14937.28125,-184.46875,3659.3125
190,Cmdr Toile Rewyd,DROKOE GH-D B32-0,Y,2,"VIRIDE, BULLET",PROTO,"PRASINUM, PURPUREUM",,,,,,,,,,,,,,,,,14819.0,-121.875,3460.375
192,CMDR ADM INFWHALE,DROKOE GH-E B31-0,,,,,,,,,,,,,,,,,,,,,,14738.59375,-190.1875,3446.46875
193,CMDR ADM INFWHALE,DROKOE GI-K B28-0,,,,,,,,,,,,,,,,,,,,,,14618.875,-122.625,3376.0
195,Raf von Thorn,DROKOE GK-R C20-0,,1,"VIRIDE, BULLET",,ALBIDUM,,LINDIGOTICUM,,,,,,,,,,,,,,,14588.125,-392.5625,3679.4375
197,CMDR KIM JONG KOOK,DROKOE GM-V B22-0,,1,,PROTO,"PURPUREUM, RUBEUM",,,,,,,,,,,,,,,,,14695.375,-64.375,3260.09375
198,CMDR ADM INFWHALE,DROKOE GM-Y B20-0,,3 (182KLS),,,,,,,,,,,,,,,,,,,,15258.0625,-114.53125,3229.65625
201,CMDR Malzerina,DROKOE GP-Z C16-0,,2,,,,,,,,,,,,,,,,,,,,14660.59375,-181.28125,3499.90625
205,CMDR ADM INFWHALE,DROKOE GU-I C12-1,,,,,,,,,,,,,,,,,,,,,,14604.46875,-93.25,3321.03125
208,CMDR ADM INFWHALE,DROKOE GX-X C16-0,,,,,,,,,,,,,,,,,,,,,,14997.3125,-523.03125,3510.4375
210,CMDR ADM INFWHALE,DROKOE HB-P B25-0,,,,,,,,,,,,,,,,,,,,,,14757.125,-171.3125,3315.3125
211,CMDR ADM INFWHALE,DROKOE HC-K D9-0,,1,,,,,,,,,,,,,,,,,,,,14929.5625,-519.875,3575.78125
212,CMDR ADM INFWHALE,DROKOE HD-S B37-0,,2,"LIVIDUM, BULLET",,,FLAVUM,ROSEUM,,,,,,,,,,,,,,,14762.21875,-184.375,3586.40625
214,CMDR ADM INFWHALE,DROKOE HE-H B43-0,,1,"LIVIDUM, BULLET",,"ALBIDUM, PURPUREUM",,,,,,,,,,,,,,,,,14717.59375,-211.28125,3695.71875
217,CMDR ADM INFWHALE,DROKOE HH-E B31-0,,,,,,,,,,,,,,,,,,,,,,14774.75,-187.09375,3442.1875
218,CMDR ADM INFWHALE,DROKOE HI-Q D6-7,,1,,LAGRANGE CLOUD BUG?,,,,,,,,,,,,,,,,,,14622.5625,-135.34375,3390.40625
219,CMDR ADM INFWHALE,DROKOE HO-K C11-2,,,,,,,,,,,,,,,,,,,,,,14801.3125,-81.46875,3283.9375
220,CMDR SASSY,DROKOE HQ-U B49-0,,1,,,,,,,,,,,,,,,,,,,,14639.03125,-243.5625,3835.0
222,CMDR ADM INFWHALE,DROKOE HX-L B27-0,,,,,,,,,,,,,,,,,,,,,,14679.5,-132.0625,3355.46875
223,CMDR ADM INFWHALE,DROKOE HX-R D5-2,,,,,,,,,,,,,,,,,,,,,,14741.78125,-209.90625,3318.65625
224,CMDR ADM INFWHALE,DROKOE HX-R D5-4,,,,,,,,,,,,,,,,,,,,,,14783.21875,-229.0625,3292.46875
225,CMDR ADM INFWHALE,DROKOE IC-K D9-0,,2,,,,,,,,,,,,,,,,,,,,14999.40625,-506.875,3615.375
227,Cmdr Toile Rewyd,DROKOE II-Q D6-2,Y,3,,,,,,,,,,,,,,,,,,,,14665.375,-172.5,3387.25
230,CMDR ADM INFWHALE,DROKOE II-W C17-0,,3,,,,,,,,,,,,,,,,,,,,14992.125,-494.6875,3558.25
235,CMDR ADM INFWHALE,DROKOE IO-K C11-0,,,,,,,,,,,,,,,,,,,,,,14845.375,-104.75,3288.5625
236,CMDR ADM INFWHALE,DROKOE IO-K C11-2,,2,,,,FLAVUM,LINDIGOTICUM,,,,,,,,,,,,,,,14837.4375,-78.5625,3284.625
240,CMDR ADM INFWHALE,DROKOE IU-I C12-0,,,,,,,,,,,,,,,,,,,,,,14660.65625,-104.21875,3300.625
241,CMDR ADM INFWHALE,DROKOE IU-I C12-2,,,,,,,,,,,,,,,,,,,,,,14676.875,-73.71875,3301.0625
247,Cmdr Toile Rewyd,DROKOE JB-O B26-0,Y,2,,,,,,,,,,,,,,,,,,,,14875.28125,-99.34375,3339.03125
249,CMDR ADM INFWHALE,DROKOE JE-Q B38-0,,2,"CEREUM, BULLET",ROSEUM,,PURPUREUM,,,,,,,,,,,,,,,,14675.25,-195.90625,3608.71875
252,CMDR ADM INFWHALE,DROKOE JI-Q D6-10,,,,,,,,,,,,,,,,,,,,,,14771.84375,-127.4375,3343.6875
253,CMDR ADM INFWHALE,DROKOE JI-Q D6-9,,,,,,,,,,,,,,,,,,,,,,14764.3125,-139.65625,3337.0
256,Cmdr Toile Rewyd,DROKOE JO-F D12-7,Y,2,,,,,,,,,,,,,,,,,,,,14802.53125,-255.8125,3845.25
260,CMDR ADM INFWHALE,DROKOE JP-I C12-1,,,,,,,,,,,,,,,,,,,,,,14627.5625,-119.5625,3325.875
261,CMDR ADM INFWHALE,DROKOE JS-T B23-0,,,,,,,,,,,,,,,,,,,,,,14687.875,-52.28125,3288.84375
262,CMDR ADM INFWHALE,DROKOE JX-K B41-0,,1,"VIRIDE, BULLET",,"LINDIGOTICUM, PRASINUM",,,,,,,,,,,,,,,,,14959.25,-192.1875,3670.84375
263,CMDR ADM INFWHALE,DROKOE JX-X C16-0,,2,,,,,,,,,,,,,,,,,,,,15106.4375,-518.46875,3514.8125
265,CMDR Malzerina,DROKOE JY-A B33-0,,3,,,,,,,,,,,,,,,,,,,,14678.875,-181.34375,3480.59375
267,CMDR Malzerina,DROKOE JZ-I C12-0,,,,,,,,,,,,,,,,,,,,,,14777.8125,-61.0,3298.78125
272,CMDR ADM INFWHALE,DROKOE KC-G B58-0,,2,,,,,,,,,,,,,,,,,,,,14783.96875,-97.71875,4019.875
274,CMDR ADM INFWHALE,DROKOE KF-H C13-0,,,,,,,,,,,,,,,,,,,,,,14657.0,-64.34375,3335.21875
275,CMDR ADM INFWHALE,DROKOE KP-I C12-0,,,,,,,,,,,,,,,,,,,,,,14665.5625,-114.875,3298.65625
276,CMDR ADM INFWHALE,DROKOE KP-I C12-2,,,,,,,,,,,,,,,,,,,,,,14661.90625,-136.34375,3316.84375
277,CMDR ADM INFWHALE,DROKOE KS-T B23-0,,,,,,,,,,,,,,,,,,,,,,14696.78125,-63.03125,3277.90625
278,CMDR ADM INFWHALE,DROKOE LC-S D5-8,,1,"RUBEUM, BULLET",,"RUBEUM, PURPUREUM",,,,,,,,,,,,,,,,,15270.1875,-174.21875,3258.375
279,CMDR Lukhinka,DROKOE LD-K B28-0,,1,,,,FLAVUM,,,,,,,,,,,,,,,,14680.375,-140.1875,3376.21875
280,CMDR ADM INFWHALE,DROKOE LD-Q D6-6,,,,,,,,,,,,,,,,,,,,,,14759.59375,-200.9375,3344.0625
281,CMDR ADM INFWHALE,DROKOE LD-W C17-0,,2,"CEREUM, BULLET",,RUBEUM,,FLAVUM,,,,,,,,,,,,,,,15016.5625,-542.625,3540.0625
285,Cmdr Toile Rewyd,DROKOE LI-Q D6-6,Y,2,,,,,,,,,,,,,,,,,,,,14929.09375,-123.375,3380.8125
287,CMDR ADM INFWHALE,DROKOE LI-S E4-1,,3,,,,,,,,,,,,,,,,,,,,14573.625,-259.34375,3645.5
290,CMDR ADM INFWHALE,DROKOE LJ-I B29-0,,,,,,,,,,,,,,,,,,,,,,14600.53125,-140.84375,3396.28125
291,CMDR ADM INFWHALE,DROKOE LJ-S C20-1,,3 (220KLS),"CEREUM, BULLET",,,PURPUREUM,,,,,,,,,,,,,,,,15192.4375,-201.8125,3667.34375
294,CMDR ADM INFWHALE,DROKOE LM-C C29-1,,2,,,,,,,,,,,,,,,,,,,,14794.28125,-220.28125,4046.71875
296,CMDR ADM INFWHALE,DROKOE LP-I C12-1,,,,,,,,,,,,,,,,,,,,,,14709.125,-122.28125,3327.84375
297,Cmdr Toile Rewyd,DROKOE LQ-X B34-0,Y,1,,,,,,,,,,,,,,,,,,,,15116.0625,-161.1875,3519.96875
298,Cmdr Toile Rewyd,DROKOE LX-L B27-0,Y,2,"LIVIDUM, BULLET",,"FLAVUM, PURPUREUM",,,,,,,,,,,,,,,,,14769.03125,-128.625,3365.25
309,CMDR ADM INFWHALE,DROKOE MH-N B26-0,,,,,,,,,,,,,,,,,,,,,,14775.5,-175.3125,3349.84375
310,CMDR KIM JONG KOOK,DROKOE MH-V B22-0,,3,,,"PRASINUM, FLAVUM",,,,,,,,,,,,,,,,,14788.875,-70.84375,3264.8125
313,CMDR ADM INFWHALE,DROKOE MJ-I B29-0,,,,,,,,,,,,,,,,,,,,,,14619.1875,-141.8125,3398.40625
314,CMDR ADM INFWHALE,DROKOE MK-O B39-0,,2,"LIVIDUM, BULLET",PROTO,ROSEUM,,RUBEUM,,,,,,,,,,,,,,,14656.84375,-187.84375,3633.5
323,CMDR ADM INFWHALE,DROKOE MZ-P B38-0,,2,"VIRIDE, BULLET",VIRIDE,PURPUREUM,,,SOLID SPHERES,,,,,,,,,,,,,,14695.84375,-223.40625,3598.625
325,Cmdr Toile Rewyd,DROKOE NJ-O D7-4,Y,2,"LIVIDUM, BULLET",,"RUBEUM, ALBIDUM",,,,,,,,,,,,,,,,,14643.28125,-187.9375,3463.40625
327,CMDR ADM INFWHALE,DROKOE NJ-Q B38-0,,2,,,,,,,,,,,,,,,,,,,,14812.46875,-184.59375,3599.75
335,Cmdr Malzerina,DROKOE NU-D D13-12,,3,,,,,,,,,,,,,,,,,,,,14749.78125,-232.09375,3967.8125
340,CMDR ADM INFWHALE,DROKOE NV-G C13-1,,,,,,,,,,,,,,,,,,,,,,14616.875,-144.125,3342.71875
341,CMDR ADM INFWHALE,DROKOE OB-W C18-1,,2,"VIRIDE, BULLET",,"PRASINUM, LINDIGOTICUM",,,,,,,,,,,,,,,,,14656.15625,-169.875,3612.9375
344,CMDR ADM INFWHALE,DROKOE OD-T B23-0,,,,,,,,,,,,,,,,,,,,,,14658.0,-108.28125,3293.28125
345,Cmdr Toile Rewyd,DROKOE OH-M B27-0,Y,3,,,,,,,,,,,,,,,,,,,,14896.1875,-101.53125,3359.28125
357,CMDR ADM INFWHALE,DROKOE OP-I C12-0,,,,,,,,,,,,,,,,,,,,,,14820.5625,-144.5,3299.59375
358,CMDR ADM INFWHALE,DROKOE OP-I C12-1,,,,,,,,,,,,,,,,,,,,,,14815.5625,-139.875,3297.40625
359,CMDR ADM INFWHALE,DROKOE OQ-D B45-0,,2,"LIVIDUM, BULLET",,RUBEUM,FLAVUM,,,,,,,,,,,,,,,,14707.6875,-209.0625,3746.46875
361,Cmdr Toile Rewyd,DROKOE OU-D D13-1,Y,2,,,,,,,,,,,,,,,,,,,,14816.34375,-262.65625,3903.59375
363,CMDR ADM INFWHALE,DROKOE OU-I C12-2,,1,,,,,,,,,,,,,,,,,,,,14923.3125,-73.96875,3328.90625
364,CMDR ADM INFWHALE,DROKOE PA-H C13-0,,,,,,,,,,,,,,,,,,,,,,14780.90625,-87.09375,3342.40625
367,Cmdr Toile Rewyd,DROKOE PG-W C18-1,Y,2,,,,,,,,,,,,,,,,,,,,14785.21875,-144.84375,3575.71875
369,CMDR ADM INFWHALE,DROKOE PK-I C12-1,,,,,,,,,,,,,,,,,,,,,,14784.875,-163.9375,3296.0625
370,CMDR ADM INFWHALE,DROKOE PK-O B39-0,,1,"LIVIDUM, BULLET",,"ALBIDUM, ROSEUM",,,,,,,,,,,,,,,,,14720.84375,-203.71875,3616.53125
371,CMDR ADM INFWHALE,DROKOE PO-G D11-2,,2,,,,,,,,,,,,,,,,,,,,14929.0625,-549.84375,3774.5625
374,CMDR ADM INFWHALE,DROKOE PO-R B24-0,,,,,,,,,,,,,,,,,,,,,,14654.4375,-89.25,3302.0
375,CMDR ADM INFWHALE,DROKOE PV-G C13-0,,,,,,,,,,,,,,,,,,,,,,14696.96875,-142.03125,3335.9375
376,Cmdr Toile Rewyd,DROKOE PW-J B55-0,Y,2,,,,,,,,,,,,,,,,,,,,14800.84375,-261.1875,3957.9375
378,CMDR ADM INFWHALE,DROKOE PW-V C18-0,,2,FLAVUM BULLET,VIRIDE,PRASINUM,FLAVUM,,,,,,,,,,,,,,,,14629.15625,-205.875,3594.6875
386,CMDR ADM INFWHALE,DROKOE QO-R B24-0,,,,,,,,,,,,,,,,,,,,,,14657.40625,-104.5,3295.15625
387,CMDR ADM INFWHALE,DROKOE QP-D D13-2,,2,,,,,,,,,,,,,,,,,,,,14818.53125,-325.53125,3949.96875
389,CMDR ADM INFWHALE,DROKOE QV-G C13-0,,,,,,,,,,,,,,,,,,,,,,14737.375,-142.46875,3339.4375
390,CMDR Lukhinka,DROKOE QV-G C13-1,,2,"CEREUM, BULLET",,"ROSEUM, PRASINUM",,,,,,,,,,,,,,,,,14736.03125,-144.5,3361.78125
392,CMDR ADM INFWHALE,DROKOE QW-V C18-0,,,,,,,,,,,,,,,,,,,,,,14666.40625,-222.3125,3602.875
393,Cmdr Malzerina,DROKOE RA-C D14-4,,2,,,,,,,,,,,,,,,,,,,,14742.28125,-228.625,4027.03125
395,CMDR SASSY,DROKOE RA-C D14-8,,1,,,,,,,,,,,,,,,,,,,,14758.375,-261.0,4049.59375
397,CMDR ADM INFWHALE,DROKOE RB-F C14-0,,,,,,,,,,,,,,,,,,,,,,14617.65625,-142.125,3378.21875
398,CMDR ADM INFWHALE,DROKOE RB-F C14-2,,,,,,,,,,,,,,,,,,,,,,14619.09375,-135.78125,3378.40625
403,CMDR ADM INFWHALE,DROKOE RH-S B50-0,,1,"LIVIDUM, BULLET",,LINDIGOTICUM,,,,,,,,,,,,,,,,,14638.6875,-298.375,3862.34375
404,CMDR ADM INFWHALE,DROKOE RI-H B56-0,,2 (70KLS),FLAVUM BULLET,,FLAVUM,,,,,,,,,,,,,,,,,14602.875,-335.0,3978.8125
410,CMDR ADM INFWHALE,DROKOE RP-Q C21-1,,2,"LIVIDUM, BULLET",,"ROSEUM, PURPUREUM",,,,,,,,,,,,,,,,,15260.65625,-223.84375,3700.625
412,CMDR ADM INFWHALE,DROKOE RX-K C24-1,,3,"RUBEUM, BULLET",,"FLAVUM, ALBIDUM",,,,,,,,,,,,,,,,,14621.09375,-276.625,3851.53125
415,CMDR ADM INFWHALE,DROKOE RY-R E4-0,,2,,,,,,,,,,,,,,,,,,,,14901.25,-574.75,3724.34375
417,Cmdr Toile Rewyd,DROKOE RZ-X B34-0,Y,3,"LIVIDUM, BULLET",PROTO?,ROSEUM,PURPUREUM,,,,,,,,,,,,,,,,14796.625,-124.5625,3517.46875
421,CMDR ADM INFWHALE,DROKOE SK-D D13-5,,2,,,,,,,,,,,,,,,,,,,,14855.21875,-361.84375,3900.15625
423,CMDR Malzerina,DROKOE SN-T B23-0,,2,,,,,,,,,,,,,,,,,,,,14817.8125,-78.53125,3286.21875
425,CMDR ADM INFWHALE,DROKOE SO-R B24-0,,,,,,,,,,,,,,,,,,,,,,14697.6875,-87.40625,3296.09375
426,CMDR ADM INFWHALE,DROKOE SP-G B30-0,,,,,,,,,,,,,,,,,,,,,,14665.53125,-137.125,3415.21875
427,CMDR ADM INFWHALE,DROKOE SP-M D8-7,,,,,,,,,,,,,,,,,,,,,,14668.0625,-201.875,3522.8125
428,CMDR ADM INFWHALE,DROKOE SP-S C19-0,,2,,,,,,,,,,,,,,,,,,,,15006.125,-507.3125,3615.53125
430,CMDR ADM INFWHALE,DROKOE SR-V C18-1,,1,"VIRIDE, BULLET",VIRIDE,,PURPUREUM,PURPUREUM,,,,,,,,,,,,,,,14662.125,-251.96875,3592.09375
431,CMDR ADM INFWHALE,DROKOE TB-W C18-1,,2,"RUBEUM, BULLET",,"FLAVUM, ROSEUM",,,,,,,,,,,,,,,,,14861.0625,-165.3125,3606.84375
433,Cmdr iXiRo,DROKOE TC-V B22-0,,2,,,"ALBIDUM, ROSEUM",PURPUREUM,LINDIGOTICUM,,,,,,,,,,,,,,,14882.65625,-92.0625,3256.46875
435,CMDR ADM INFWHALE,DROKOE TE-R B24-0,,,,,,,,,,,,,,,,,,,,,,14638.125,-139.5625,3307.4375
436,CMDR ADM INFWHALE,DROKOE TF-O B26-0,,,,,,,,,,,,,,,,,,,,,,14596.28125,-80.3125,3335.125
437,CMDR SASSY,DROKOE TI-G B57-0,,,,,,,,,,,,,,,,,,,,,,14720.375,-261.53125,3997.03125
440,CMDR Malzerina,DROKOE TJ-I B29-0,,2,,,,,,,,,,,,,,,,,,,,14756.03125,-142.28125,3400.03125
444,Cmdr. Nocturnous,DROKOE TN-T B23-0,,2,"LIVIDUM, BULLET",,"ROSEUM, PRASINUM",,,,,,,,,,,,,,,,,14848.53125,-84.15625,3280.75
446,Cmdr Toile Rewyd,DROKOE TO-I B29-0,Y,2,"LIVIDUM, BULLET",PROTO,"LINDIGOTICUM, ROSEUM",,,,,,,,,,,,,,,,,14805.0625,-115.96875,3399.15625
448,CMDR ADM INFWHALE,DROKOE TP-G B30-0,,,,,,,,,,,,,,,,,,,,,,14691.5625,-140.75,3431.0625
451,CMDR ADM INFWHALE,DROKOE TU-P B25-0,,,,,,,,,,,,,,,,,,,,,,14650.0625,-85.65625,3333.625
453,CMDR ADM INFWHALE,DROKOE TX-U B22-0,,,,,,,,,,,,,,,,,,,,,,14838.21875,-112.46875,3272.125
459,Raf von Thorn,DROKOE UN-T B23-0,,1,"LIVIDUM, BULLET",,"ROSEUM, PRASINUM",,,,,,,,,,,,,,,,,14860.6875,-79.4375,3279.4375
462,CMDR ADM INFWHALE,DROKOE US-K C24-1,,3,,,,,,,,,,,,,,,,,,,,14661.53125,-338.90625,3817.375
468,CMDR ADM INFWHALE,DROKOE UU-G B30-0,,,,,,,,,,,,,,,,,,,,,,14737.4375,-122.8125,3416.78125
469,CMDR ADM INFWHALE,DROKOE UU-P B25-0,,,,,,,,,,,,,,,,,,,,,,14659.125,-102.8125,3320.09375
471,CMDR ADM INFWHALE,DROKOE UW-E C14-1,,,,,,,,,,,,,,,,,,,,,,14693.09375,-172.40625,3400.75
473,Raf von Thorn,DROKOE UX-T C19-0,,2,"LIVIDUM, BULLET",,"ROSEUM, PRASINUM",,,,,,,,,,,,,,,,,14586.5625,-238.3125,3651.59375
475,Cmdr Toile Rewyd,DROKOE VA-L D9-13,Y,3,,,,,,,,,,,,,,,,,,,,14784.46875,-165.09375,3628.25
478,CMDR ADM INFWHALE,DROKOE VC-U C19-1,,1,"VIRIDE, BULLET",,"PRASINUM, PURPUREUM",,,,,,,,,,,,,,,,,14696.15625,-221.5625,3618.28125
479,CMDR ADM INFWHALE,DROKOE VD-F B58-0,,2,,,,,,,,,,,,,,,,,,,,14796.84375,-199.5,4020.25
481,CMDR ADM INFWHALE,DROKOE VD-J C25-0,,2,"RUBEUM, BULLET",,PRASINUM,PURPUREUM,,,,,,,,,,,,,,,,14626.375,-303.8125,3885.53125
483,CMDR ADM INFWHALE,DROKOE VD-X B48-0,,3,"LIVIDUM, BULLET",,"RUBEUM, PRASINUM",,,,,,,,,,,,,,,,,14640.21875,-159.5,3815.59375
488,CMDR ADM INFWHALE,DROKOE VJ-K C11-0,,2,,,,,,,,,,,,,,,,,,,,15266.59375,-126.71875,3259.15625
490,CMDR ADM INFWHALE,DROKOE VK-O B26-0,,,,,,,,,,,,,,,,,,,,,,14678.5,-60.28125,3337.15625
491,CMDR ADM INFWHALE,DROKOE VL-G C13-0,,,,,,,,,,,,,,,,,,,,,,14788.0,-206.28125,3351.3125
492,CMDR ADM INFWHALE,DROKOE VL-Y A41-0,,3,,,,,,,,,,,,,,,,,,,,15246.28125,-44.34375,3215.625
496,CMDR ADM INFWHALE,DROKOE VR-E C14-1,,,,,,,,,,,,,,,,,,,,,,14635.3125,-196.6875,3392.09375
497,CMDR ADM INFWHALE,DROKOE VT-R B24-0,,,,,,,,,,,,,,,,,,,,,,14799.125,-80.6875,3295.75
498,Raf von Thorn,DROKOE VQ-B D14-6,,1,"RUBEUM, BULLET",,,PURPUREUM,,,,,,,,,,,,,,,,14780.65625,-373.375,4030.84375
499,Cmdr Toile Rewyd,DROKOE VU-M D8-2,Y,2,,,,,,,,,,,,,,,,,,,,15066.21875,-166.25,3499.25
501,CMDR ADM INFWHALE,DROKOE VW-E C14-1,,,,,,,,,,,,,,,,,,,,,,14731.3125,-174.375,3395.6875
502,CMDR ADM INFWHALE,DROKOE VY-I B42-0,,2,"VIRIDE, BULLET",,"ROSEUM, PRASINUM",,,,,,,,,,,,,,,,,15082.28125,-212.46875,3682.96875
505,CMDR ADM INFWHALE,DROKOE WF-O B26-0,,,,,,,,,,,,,,,,,,,,,,14672.46875,-84.0,3344.5625
507,CMDR ADM INFWHALE,DROKOE WK-P B25-0,,,,,,,,,,,,,,,,,,,,,,14619.84375,-140.8125,3315.625
510,CMDR ADM INFWHALE,DROKOE WP-G B30-0,,,,,,,,,,,,,,,,,,,,,,14740.03125,-139.03125,3423.15625
511,CMDR ADM INFWHALE,DROKOE WT-R B24-0,,,,,,,,,,,,,,,,,,,,,,14816.53125,-84.1875,3298.96875
512,CMDR ADM INFWHALE,DROKOE WU-P B25-0,,,,,,,,,,,,,,,,,,,,,,14704.96875,-104.875,3316.3125
513,CMDR ADM INFWHALE,DROKOE WV-E B31-0,,,,,,,,,,,,,,,,,,,,,,14660.21875,-141.5625,3440.78125
514,CMDR ADM INFWHALE,DROKOE WV-N B26-0,,,,,,,,,,,,,,,,,,,,,,14588.75,-109.46875,3350.34375
515,Cmdr Toile Rewyd,DROKOE WV-X C17-2,Y,3,,,,,,,,,,,,,,,,,,,,15136.03125,-182.8125,3547.5
518,CMDR ADM INFWHALE,DROKOE WW-E C14-0,,,,,,,,,,,,,,,,,,,,,,14765.15625,-180.15625,3386.09375
519,CMDR ADM INFWHALE,DROKOE XA-O B26-0,,,,,,,,,,,,,,,,,,,,,,14636.3125,-101.40625,3339.125
520,CMDR Lukhinka,DROKOE XC-D C15-0,,1,"CEREUM, BULLET",,,PRASINUM,RUBEUM,,,,,,,,,,,,,,,14637.78125,-184.03125,3428.59375
521,Raf von Thorn,DROKOE XD-J C25-1,,1,,,RUBEUM,,ROSEUM,,,,,,,,,,,,,,,14701.46875,-300.375,3857.8125
522,CMDR ADM INFWHALE,DROKOE XD-T B23-0,,,,,,,,,,,,,,,,,,,,,,14846.71875,-119.375,3277.4375
523,CMDR ADM INFWHALE,DROKOE XH-D C15-0,,,,,,,,,,,,,,,,,,,,,,14700.46875,-141.90625,3420.1875
524,CMDR ADM INFWHALE,DROKOE XI-S C20-1,,2,"LIVIDUM, BULLET",,,RUBEUM,ALBIDUM,,,,,,,,,,,,,,,14652.71875,-190.96875,3679.28125
526,CMDR ADM INFWHALE,DROKOE XJ-F B57-0,,2,"VIRIDE, BULLET",,"PURPUREUM, PRASINUM",,,,,,,,,,,,,,,,,14601.84375,-352.59375,4007.40625
528,CMDR ADM INFWHALE,DROKOE XQ-Q C20-0,,3,,,,,,,,,,,,,,,,,,,,14936.8125,-574.375,3666.46875
531,CMDR SASSY,DROKOE XT-F B44-0,,2,,,,,,,,,,,,,,,,,,,,14533.6875,-183.65625,3718.53125
533,CMDR ADM INFWHALE,DROKOE XW-E C14-0,,,,,,,,,,,,,,,,,,,,,,14779.15625,-179.40625,3380.09375
534,CMDR ADM INFWHALE,DROKOE XW-E C14-1,,,,,,,,,,,,,,,,,,,,,,14783.3125,-184.03125,3380.5
538,CMDR ADM INFWHALE,DROKOE YA-O B26-0,,,,,,,,,,,,,,,,,,,,,,14655.375,-101.46875,3338.90625
539,CMDR ADM INFWHALE,DROKOE YE-R B24-0,,,,,,,,,,,,,,,,,,,,,,14744.65625,-143.125,3303.375
541,CMDR ADM INFWHALE,DROKOE YH-D C15-0,,,,,,,,,,,,,,,,,,,,,,14735.46875,-144.71875,3417.25
544,CMDR ADM INFWHALE,DROKOE YI-S C20-2,,2 (70KLS),"LIVIDUM, BULLET",,"ROSEUM, LINDIGOTICUM",,,,,,,,,,,,,,,,,14656.59375,-185.84375,3657.0625
551,CMDR ADM INFWHALE,DROKOE YP-P B25-0,,,,,,,,,,,,,,,,,,,,,,14713.5,-123.6875,3323.71875
558,Cmdr. Nocturnous,DROKOE YY-S B23-0,,2, ,,FLAVUM,PRASINUM,,,,,,,,,,,,,,,,14816.53125,-135.34375,3293.5
561,Cmdr. Nocturnous,DROKOE ZF-O B26-0,,1,"LIVIDUM, BULLET",,ALBIDUM,,,,,,,,,,,,,,,,,14715.65625,-80.21875,3336.75
564,CMDR ADM INFWHALE,DROKOE ZJ-H C26-0,,2,,,CAN’T JUMP IN – NSP MOVING,,,,,,,,,,,,,,,,,14619.40625,-300.28125,3899.09375
566,CMDR ADM INFWHALE,DROKOE ZN-H B43-0,,3,"VIRIDE, BULLET",,"LINDIGOTICUM, PURPUREUM ",,,,,,,,,,,,,,,,,14637.25,-181.75,3698.65625
572,CMDR SASSY,DROKOE ZO-Q C21-2,,3,,,,,,,,,,,,,,,,,,,,14540.5,-185.53125,3713.75
575,CMDR DUSKETT,DROKOE ZR-J B42-0,,3,"VIRIDE, BULLET",,LINDIGOTICUM,RUBEUM,,,,,,,,,,,,,,,,14798.40625,-143.25,3680.4375
578,Cmdr. Nocturnous,DROKOE ZV-N B26-0,,2,"LIVIDUM, BULLET",,"LINDIGOTICUM, PURPUREUM, ",,,,,,,,,,,,,,,,,14640.8125,-123.375,3339.5625
591,CMDR Malzerina,NGC 3199 SECTOR AA-Z C6 A,,1,,,,,,,,,,,,,,,,,,,,14616.0,-217.4375,3479.0625
592,Cmdr Toile Rewyd,NGC 3199 SECTOR BQ-Y D14,Y,2,"CEREUM, BULLET",,,"PRASINUM, FLAVUM",,,,,,,,,,,,,,,,14534.9375,-238.40625,3551.71875
594,Cmdr Toile Rewyd,NGC 3199 SECTOR CQ-Y D4,Y,1,"CEREUM, BULLET",,"PRASINUM, FLAVUM",,,,,,,,,,,,,,,,,14588.0625,-247.875,3522.46875
595,Cmdr Toile Rewyd,NGC 3199 SECTOR EB-X C1-5,Y,3,"VIRIDE, BULLET",ROSEUM,PURPEREUM,,PURPEREUM,,,,,,,,,,,,,,,14552.9375,-251.75,3512.875
598,CMDR Malzerina,NGC 3199 SECTOR GB-X C1-1,,1,,,,,,,,,,,,,,,,,,,,14619.09375,-238.6875,3497.6875
599,CMDR Malzerina,NGC 3199 SECTOR GW-W C1-3,,1,"LIVIDUM, BULLET",,"PURPUREUM, LINDIGOTICUM",,,,,,,,,,,,,,,,,14563.40625,-288.3125,3521.21875
600,CMDR Malzerina,NGC 3199 SECTOR GW-W C1-4,,1,,,,,,,,,,,,,,,,,,,,14558.4375,-294.1875,3526.03125
601,CMDR Malzerina,NGC 3199 SECTOR IM-V C2-7,,2,,,,,,,,,,,,,,,,,,,,14615.71875,-219.21875,3555.9375
602,Raf von Thorn,NGC 3199 SECTOR IR-W D1-3,,3,"RUBEUM, BULLET",CAERULEUM,,"PURPUREUM, PRASINUM",,,,,,,,,,,,,,,,14593.84375,-327.875,3584.3125
604,CMDR Malzerina,NGC 3199 SECTOR JH-V C2-8,,2,,,,,,,,,,,,,,,,,,,,14598.84375,-252.5,3547.46875
606,Cmdr Toile Rewyd,NGC 3199 SECTOR XJ-A D10,Y,2,"RUBEUM, BULLET",,,"PURPUREUM, PRASINUM",,,,,,,,,,,,,,,,14544.0625,-237.625,3489.375
608,Cmdr Toile Rewyd,NGC 3199 SECTOR XZ-Y C9,Y,3,,VIRIDE,,,LINDIGOTICUM,SOLID SPHERES,,,,,,,,,,,,,,14534.9375,-221.9375,3482.0625
611,Cmdr Toile Rewyd,NGC 3199 SECTOR ZZ-Y C7,Y,1,"LIVIDUM, BULLET",RUBICUNDUM,"LINDIGOTICUM, ROSEUM",,,,,,,,,,,,,,,,,14591.875,-219.5625,3482.28125
619,CMDR ADM INFWHALE,THAILUAE AB-D B4-0,,2,"CEREUM, BULLET",,,"FLAVUM, RUBEUM",,,,,,,,,,,,,,,,14779.90625,-241.125,4137.75
621,Cmdr Toile Rewyd,THAILUAE AF-E C1,Y,3,,,,,,,,,,,,,,,,,,,,14739.5,-391.46875,4083.1875
622,Raf von Thorn,THAILUAE AF-E C0,,2,"LIVIDUM, BULLET",,ROSEUM,,RUBEUM,,,,,,,,,,,,,,,14739.75,-419.84375,4059.65625
628,CMDR ADM INFWHALE,THAILUAE AM-Y C3-2,,1,,,,,,,,,,,,,,,,,,,,14688.40625,-141.875,4250.4375
629,Cmdr Toile Rewyd,THAILUAE BF-E C1,Y,3,,,,,,,,,,,,,,,,,,,,14807.46875,-407.125,4078.53125
632,CMDR ADM INFWHALE,THAILUAE BO-V B8-1,,3,,,,,,,,,,,,,,,,,,,,14685.90625,-98.84375,4242.65625
637,Cmdr Toile Rewyd,THAILUAE BV-G B1-0,Y,3,,,,,,,,,,,,,,,,,,,,14720.875,-404.71875,4078.3125
641,CMDR ADM INFWHALE,THAILUAE BW-Z C2-2,,3,,,,,,,,,,,,,,,,,,,,14716.8125,-189.53125,4185.0
644,Cmdr Toile Rewyd,THAILUAE CA-E C0,Y,2,,,,,,,,,,,,,,,,,,,,14774.90625,-453.40625,4062.25
646,CMDR ADM INFWHALE,THAILUAE CW-C B4-0,,1,"LIVIDUM, BULLET",,"ALBIDUM, ROSEUM",,,,,,,,,,,,,,,,,14783.0,-250.96875,4149.1875
647,CMDR Lukhinka,THAILUAE DG-B C2-0,,2,"VIRIDE, BULLET",,"LINDIGOTICUM, RUBEUM",,,,,,,,,,,,,,,,,14778.15625,-303.03125,4138.1875
649,CMDR Lukhinka,THAILUAE DG-B C2-1,,1,"LIVIDUM, BULLET",,ALBIDUM,,RUBEUM,,,,,,,,,,,,,,,14775.03125,-299.15625,4142.375
650,CMDR ADM INFWHALE,THAILUAE DH-Y C3-1,,1,,,,,,,,,,,,,,,,,,,,14697.0,-163.65625,4226.84375
653,CMDR Lukhinka,THAILUAE FB-B C2-1,,1,"RUBEUM, BULLET",,"LINDIGOTICUM, PURPUREUM",,,,,,,,,,,,,,,,,14790.65625,-323.5625,4151.71875
655,CMDR ADM INFWHALE,THAILUAE FW-C D17,,2,,,,,,,,,,,,,,,,,,,,14771.9375,-94.3125,4094.90625
657,CMDR Lukhinka,THAILUAE GM-C B4-0,,1,"LIVIDUM, BULLET",,"LINDIGOTICUM, RUBEUM",,,,,,,,,,,,,,,,,14779.5,-286.59375,4137.0625
658,CMDR ADM INFWHALE,THAILUAE GN-I B1-0,,1,"VIRIDE, BULLET",,"FLAVUM, ALBIDUM",,,,,,,,,,,,,,,,,14660.75,-224.96875,4079.5625
661,CMDR ADM INFWHALE,THAILUAE HM-C D8,,3,"CEREUM, BULLET",,,"PRASINUM, PURPUREUM",,,,,,,,,,,,,,,,14631.8125,-209.28125,4082.28125
664,CMDR ADM INFWHALE,THAILUAE HZ-U B8-0,,1,,,,,,,,,,,,,,,,,,,,14679.71875,-150.6875,4237.53125
665,CMDR ADM INFWHALE,THAILUAE II-I B1-0,,1 (400KLS),"CEREUM, BULLET",,,"RUBEUM, PRASINUM",,,,,,,,,,,,,,,,14656.5,-228.90625,4080.59375
666,CMDR Lukhinka,THAILUAE IH-C B4-0,,2,"VIRIDE, BULLET",,"FLAVUM, PURPUREUM",,,,,,,,,,,,,,,,,14787.28125,-318.1875,4137.1875
672,CMDR ADM INFWHALE,THAILUAE JM-C D7,,1,"RUBEUM, BULLET",,"ALBIDUM, PURPUREUM",,,,,,,,,,,,,,,,,14806.3125,-187.59375,4079.84375
673,CMDR ADM INFWHALE,THAILUAE JM-C D10,,2,,,,,,,,,,,,,,,,,,,,14771.8125,-255.3125,4103.21875
681,CMDR ADM INFWHALE,THAILUAE MD-F C1,,3,"CEREUM, BULLET",,,PURPUREUM,LINDIGOTICUM,,,,,,,,,,,,,,,14611.8125,-213.96875,4060.6875
684,CMDR ADM INFWHALE,THAILUAE MI-I B1-0,,2,"LIVIDUM, BULLET",,"ALBIDUM, LINDIGOTICUM",,,,,,,,,,,,,,,,,14735.625,-241.09375,4075.28125
687,Cmdr Toile Rewyd,THAILUAE NC-C D0,Y,2,,,,,,,,,,,,,,,,,,,,14747.78125,-411.71875,4069.5625
689,Cmdr Toile Rewyd,THAILUAE NC-C D3,Y,2,,,,,,,,,,,,,,,,,,,,14743.875,-422.03125,4072.375
691,CMDR ADM INFWHALE,THAILUAE NI-I B1-0,,1,"LIVIDUM, BULLET",,PRASINUM,,,SOLID SPHERES,,,,,,,,,,,,,,14755.53125,-240.09375,4078.15625
692,CMDR Lukhinka,THAILUAE NN-A B5-0,,2,"LIVIDUM, BULLET",,"PRASINUM, RUBEUM",,,,,,,,,,,,,,,,,14798.28125,-322.4375,4158.78125
694,CMDR ADM INFWHALE,THAILUAE OD-Z D1-12,,3,,,,,,,,,,,,,,,,,,,,14695.625,-159.5625,4244.1875
700,Raf von Thorn,THAILUAE RD-I B1-0,,3,"LIVIDUM, BULLET",,LINDIGOTICUM,,RUBEUM,,,,,,,,,,,,,,,14795.25,-261.21875,4079.09375
707,Cmdr Toile Rewyd,THAILUAE QX-B D3,Y,1,,,,,,,,,,,,,,,,,,,,14834.5,-428.59375,4059.6875
709,CMDR ADM INFWHALE,THAILUAE RD-I B1-0,,1,"LIVIDUM, BULLET",,"FLAVUM, PURPUREUM",,,,,,,,,,,,,,,,,14795.25,-261.21875,4079.09375
710,Cmdr Toile Rewyd,THAILUAE RI-F C2,Y,3,,,,,,,,,,,,,,,,,,,,14886.5,-179.53125,4062.71875
713,CMDR ADM INFWHALE,THAILUAE SD-I B1-0,,3,"LIVIDUM, BULLET",,LINDIGOTICUM,,RUBEUM,,,,,,,,,,,,,,,14817.5625,-263.09375,4080.9375
716,CMDR ADM INFWHALE,THAILUAE SU-V B7-0,,1,"RUBEUM, BULLET",,,RUBEUM,,,,,,,,,,,,,,,,14776.9375,-262.96875,4219.25
717,CMDR ADM INFWHALE,THAILUAE SY-Y D1-0,,2,"CEREUM, BULLET",,,PURPUREUM,,,,,,,,,,,,,,,,14817.5,-256.40625,4221.71875
720,Cmdr Toile Rewyd,THAILUAE TD-B E0,Y,2,,,,,,,,,,,,,,,,,,,,14818.09375,-321.5,4066.09375
725,CMDR ADM INFWHALE,THAILUAE TY-E C2,,1,,,,,,,,,,,,,,,,,,,,14785.28125,-258.46875,4060.46875
730,CMDR ADM INFWHALE,THAILUAE VU-B C2-2,,2,,,,,,,,,,,,,,,,,,,,14728.375,-184.78125,4167.84375
732,CMDR ADM INFWHALE,THAILUAE VU-B C2-4,,2,,,,,,,,,,,,,,,,,,,,14724.5,-184.75,4170.8125
737,CMDR ADM INFWHALE,THAILUAE VY-H B1-0,,3,"LIVIDUM, BULLET",,"LINDIGOTICUM, FLAVUM",,,,,,,,,,,,,,,,,14849.28125,-272.375,4092.625
740,CMDR ADM INFWHALE,THAILUAE WE-D C1-2,,1,,,,,,,,,,,,,,,,,,,,14736.40625,-230.78125,4119.90625
741,CMDR ADM INFWHALE,THAILUAE WF-D B4-0,,2,,,,,,,,,,,,,,,,,,,,14735.09375,-222.0,4137.8125
748,CMDR ADM INFWHALE,THAILUAE WU-E B3-0,,1,,,,,,,,,,,,,,,,,,,,14777.5625,-239.5625,4116.25
749,Cmdr Toile Rewyd,THAILUAE XO-E C1,Y,2,,,,,,,,,,,,,,,,,,,,14791.09375,-317.84375,4083.5625
751,CMDR ADM INFWHALE,THAILUAE XX-V B8-1,,2,,,,,,,,,,,,,,,,,,,,14680.4375,-60.1875,4235.0625
753,CMDR ADM INFWHALE,THAILUAE YE-D C1-0,,1,"LIVIDUM, BULLET",,ALBIDUM,,ROSEUM,,,,,,,,,,,,,,,14815.21875,-261.40625,4095.46875
754,CMDR ADM INFWHALE,THAILUAE YE-D C1-1,,2,"RUBEUM, BULLET",,,"RUBEUM, PURPUREUM",,,,,,,,,,,,,,,,14815.28125,-257.75,4097.84375
756,CMDR ADM INFWHALE,THAILUAE YE-G B2-0,,3,"VIRIDE, BULLET",,,"FLAVUM, PURPUREUM",,,,,,,,,,,,,,,,14815.125,-284.21875,4100.375
759,CMDR ADM INFWHALE,THAILUAE YP-B C2-3,,2,,,,,,,,,,,,,,,,,,,,14735.125,-222.53125,4142.8125
761,CMDR ADM INFWHALE,THAILUAE YP-E B3-0,,2,"VIRIDE, BULLET",,PRASINUM,PURPUREUM,,,,,,,,,,,,,,,,14788.15625,-245.15625,4124.15625
763,CMDR ADM INFWHALE,THAILUAE ZA-U B8-0,,2,"VIRIDE, BULLET",,"RUBEUM, LINDIGOTICUM",,,,,,,,,,,,,,,,,14839.1875,-260.15625,4239.46875
765,Cmdr Toile Rewyd,THAILUAE ZJ-E C1,Y,2,,,,,,,,,,,,,,,,,,,,14776.9375,-365.53125,4063.84375
767,CMDR ADM INFWHALE,THAILUAE ZR-O A19-0,,2,,,,,,,,,,,,,,,,,,,,14685.84375,-44.875,4257.03125
781,CMDR ADM INFWHALE,SMOJU AR-R C19-0,,2,"RUBEUM, BULLET",,"ROSEUM, ALBIDUM",,,,,,,,,,,,,,,,,14899.90625,538.9375,3620.3125
783,CMDR ADM INFWHALE,SMOJU BI-F C26-0,,1,,,,,,,,,,,,,,,,,,,,14857.71875,539.65625,3898.5
786,CMDR ADM INFWHALE,SMOJU BM-C D13-1,,1,"RUBEUM, BULLET",,,"FLAVUM, PURPUREUM",,,,,,,,,,,,,,,,14780.96875,513.53125,3956.53125
789,CMDR SASSY,SMOJU BP-R D4-6,,2,"CEREUM, BULLET",,,FLAVUM,LINDIGOTICUM,,,,,,,,,,,,,,,14964.0,194.09375,3232.3125
792,CMDR ADM INFWHALE,SMOJU BW-S C18-0,,3 (353KLS),,,,,,,,,,,,,,,,,,,,14878.9375,427.6875,3585.0
795,CMDR ADM INFWHALE,SMOJU CM-C D13-3,,2 (274KLS),,,,,,,,,,,,,,,,,,,,14823.6875,505.5,3940.0
799,CMDR ADM INFWHALE,SMOJU CS-V B44-0,,1,,,,,,,,,,,,,,,,,,,,14858.65625,219.5,3740.59375
800,CMDR ADM INFWHALE,SMOJU CV-O D6-1,,2,"CEREUM, BULLET",,,PRASINUM,,,,,,,,,,,,,,,,14979.125,460.15625,3390.0625
802,CMDR ADM INFWHALE,SMOJU DQ-O D6-1,,3,,,,,,,,,,,,,,,,,,,,14959.40625,441.46875,3386.84375
805,Cmdr Toile Rewyd,SMOJU EB-G B53-0,Y,2,,,,,,,,,,,,,,,,,,,,15262.3125,252.34375,3923.375
809,CMDR ADM INFWHALE,SMOJU FB-N D7-0,,1,,,,,,,,,,,,,,,,,,,,14904.875,461.96875,3425.375
812,CMDR ADM INFWHALE,SMOJU FQ-W B57-0,,1,"VIRIDE, BULLET",,PRASINUM,,FLAVUM,,,,,,,,,,,,,,,14774.21875,180.28125,4028.9375
813,CMDR ADM INFWHALE,SMOJU FS-A D14-1,,3,,,,,,,,,,,,,,,,,,,,14758.03125,473.0,3978.1875
816,CMDR ADM INFWHALE,SMOJU FS-A D14-2,,3,,,,,,,,,,,,,,,,,,,,14767.28125,455.59375,3989.53125
821,CMDR ADM INFWHALE,SMOJU GN-H C24-1,,2,,,,,,,,,,,,,,,,,,,,14823.03125,285.1875,3822.4375
823,Cmdr Toile Rewyd,SMOJU GR-F B53-0,Y,2,,,,,,,,,,,,,,,,,,,,15216.375,210.375,3929.375
825,CMDR ADM INFWHALE,SMOJU HX-Q C19-0,,2,,,,,,,,,,,,,,,,,,,,14856.625,378.84375,3617.40625
827,CMDR ADM INFWHALE,SMOJU IG-Y B42-0,,2,,,,,,,,,,,,,,,,,,,,14416.65625,122.8125,3712.34375
829,CMDR ADM INFWHALE,SMOJU IM-L D8-0,,2,,,,,,,,,,,,,,,,,,,,14983.3125,538.28125,3495.375
831,CMDR ADM INFWHALE,SMOJU JP-B C28-0,,2,,,,,,,,,,,,,,,,,,,,14778.125,498.125,3977.53125
833,CMDR ADM INFWHALE,SMOJU JV-Z B41-0,,1,"RUBEUM, BULLET",,,"FLAVUM, PRASINUM",,,,,,,,,,,,,,,,14490.0,96.5,3681.875
834,CMDR ADM INFWHALE,SMOJU LB-Y B42-0,,2 (556KLS),,,,,,,,,,,,,,,,,,,,14437.28125,95.0,3698.25
836,CMDR ADM INFWHALE,SMOJU LD-A D14-6,,3,,,,,,,,,,,,,,,,,,,,14746.53125,238.875,4029.65625
839,CMDR ADM INFWHALE,SMOJU LK-B C28-0,,1,,,,,,,,,,,,,,,,,,,,14790.65625,460.625,4008.28125
840,CMDR ADM INFWHALE,SMOJU LN-B D13-5,,3,,,,,,,,,,,,,,,,,,,,14787.875,103.0,3940.03125
843,CMDR ADM INFWHALE,SMOJU LS-J D9-1,,1,,,,,,,,,,,,,,,,,,,,14968.34375,568.1875,3612.5625
849,CMDR ADM INFWHALE,SMOJU NP-M C21-1,,1,,,,,,,,,,,,,,,,,,,,14455.78125,215.34375,3698.09375
850,CMDR ADM INFWHALE,SMOJU NR-X B42-0,,1,"LIVIDUM, BULLET",,ALBIDUM,,,,,,,,,,,,,,,,,14411.0,60.78125,3697.90625
853,CMDR ADM INFWHALE,SMOJU PD-Y C15-0,,1,"CEREUM, BULLET",,,"FLAVUM, PURPUREUM",,,,,,,,,,,,,,,,14874.75,453.09375,3493.84375
854,CMDR ADM INFWHALE,SMOJU PN-T E3-0,,1,,,,,,,,,,,,,,,,,,,,14920.96875,507.8125,3471.5625
855,CMDR ADM INFWHALE,SMOJU PT-H D10-2,,1,,,,,,,,,,,,,,,,,,,,14798.96875,467.4375,3722.65625
856,CMDR ADM INFWHALE,SMOJU PV-Z B41-0,,1,"LIVIDUM, BULLET",,PURPUREUM,,,,,,,,,,,,,,,,,14600.28125,99.34375,3677.5625
857,CMDR ADM INFWHALE,SMOJU PY-H D10-1,,1,"CEREUM, BULLET",,,PURPUREUM,LINDIGOTICUM,,,,,,,,,,,,,,,14954.71875,555.375,3727.09375
858,CMDR ADM INFWHALE,SMOJU QF-M C21-0,,3,"RUBEUM, BULLET",,ALBIDUM,PRASINUM,,,,,,,,,,,,,,,,14422.375,145.65625,3711.78125
861,CMDR ADM INFWHALE,SMOJU QI-Y C15-0,,1,,,,,,,,,,,,,,,,,,,,14992.3125,488.21875,3456.03125
862,CMDR ADM INFWHALE,SMOJU QT-H D10-2,,3,,,,,,,,,,,,,,,,,,,,14886.625,528.53125,3713.59375
865,CMDR ADM INFWHALE,SMOJU QU-K C23-0,,1,"LIVIDUM, BULLET",,"LINDIGOTICUM, ALBIDUM",,,,,,,,,,,,,,,,,14976.6875,575.6875,3780.3125
866,CMDR ADM INFWHALE,SMOJU RE-H D10-4,,3,,,,,,,,,,,,,,,,,,,,14462.375,239.75,3681.84375
869,Cmdr Toile Rewyd,SMOJU RI-B D13-5,Y,1,,,,,,,,,,,,,,,,,,,,15098.90625,13.28125,3968.3125
870,Cmdr Toile Rewyd,SMOJU RT-B B55-0,Y,3,,,,,,,,,,,,,,,,,,,,15197.8125,160.0,3957.5625
873,CMDR ADM INFWHALE,SMOJU RV-Z B41-0,,1,"LIVIDUM, BULLET",,LINDIGOTICUM,,ROSEUM,,,,,,,,,,,,,,,14641.4375,106.0,3680.28125
874,CMDR ADM INFWHALE,SMOJU RW-X B42-0,,3,"LIVIDUM, BULLET",,PURPUREUM,PURPUREUM,,,,,,,,,,,,,,,,14527.3125,89.46875,3699.4375
877,CMDR ADM INFWHALE,SMOJU SA-J C24-0,,1,"LIVIDUM, BULLET",,"ROSEUM, FLAVUM",,,,,,,,,,,,,,,,,14899.65625,576.625,3820.5625
878,CMDR ADM INFWHALE,SMOJU SO-W C16-0,,3,,,,,,,,,,,,,,,,,,,,14895.28125,486.40625,3521.71875
881,CMDR ADM INFWHALE,SMOJU SV-Z B41-0,,1,"RUBEUM, BULLET",,PURPUREUM,,ALBIDUM,,,,,,,,,,,,,,,14658.78125,95.4375,3680.53125
882,CMDR ADM INFWHALE,SMOJU TP-B B41-0,,2,"VIRIDE, BULLET",,"LINDIGOTICUM, ROSEUM",,,,,,,,,,,,,,,,,14759.21875,96.875,3661.28125
884,CMDR ADM INFWHALE,SMOJU TV-Z B41-0,,2,,,,,,,,,,,,,,,,,,,,14677.5625,95.28125,3679.71875
886,CMDR ADM INFWHALE,SMOJU UB-Z C28-1,,2,,,,RUBEUM,,,,,,,,,,,,,,,,14772.21875,339.09375,4030.46875
891,CMDR ADM INFWHALE,SMOJU VA-M C21-2,,2,"CEREUM, BULLET",,,"RUBEUM, FLAVUM",,,,,,,,,,,,,,,,14545.5625,97.21875,3704.0
893,CMDR ADM INFWHALE,SMOJU VO-I D9-3,,2,"RUBEUM, BULLET",,,PRASINUM,,,,,,,,,,,,,,,,14769.46875,89.875,3650.875
895,Cmdr Toile Rewyd,SMOJU WE-B B55-0,Y,2,,,,,,,,,,,,,,,,,,,,15175.875,105.5,3955.90625
897,CMDR ADM INFWHALE,SMOJU WE-H D10-0,,2,,,,,,,,,,,,,,,,,,,,14849.5,269.71875,3694.96875
901,CMDR ADM INFWHALE,SMOJU WU-F D11-1,,2,"CEREUM, BULLET",,,RUBEUM,LINDIGOTICUM,,,,,,,,,,,,,,,14818.0,399.375,3743.9375
904,CMDR ADM INFWHALE,SMOJU XI-K B22-0,,1,,,,,,,,,,,,,,,,,,,,15279.125,38.09375,3255.84375
905,CMDR ADM INFWHALE,SMOJU XU-G D10-8,,1,"RUBEUM, BULLET",,,"RUBEUM, FLAVUM",,,,,,,,,,,,,,,,14589.65625,97.1875,3692.5
906,CMDR ADM INFWHALE,SMOJU YQ-J C23-0,,3,,,,,,,,,,,,,,,,,,,,14818.3125,338.6875,3776.28125
909,CMDR ADM INFWHALE,SMOJU YU-G D10-10,,2,,,,,,,,,,,,,,,,,,,,14717.40625,92.40625,3675.875
911,CMDR ADM INFWHALE,SMOJU YU-G D10-11,,2 (286KLS),,,,,,,,,,,,,,,,,,,,14699.03125,96.1875,3677.09375
920,CMDR ADM INFWHALE,SMOJAEA AI-R C18-1,,2,"LIVIDUM, BULLET",,FLAVUM,,ROSEUM,,,,,,,,,,,,,,,15464.09375,126.75,3586.75
922,CMDR ADM INFWHALE,SMOJAEA BI-R C18-0,,1,"LIVIDUM, BULLET",,"ALBIDUM, FLAVUM",,,,,,,,,,,,,,,,,15513.65625,123.03125,3601.15625
923,Cmdr. Nocturnous,SMOJAEA HA-U b30-0,,2,,,,,,,,,,,,,,,,,,,,15440.125,-1.875,3435.125
925,CMDR ADM INFWHALE,SMOJAEA HL-I B37-0,,3,,,,,,,,,,,,,,,,,,,,15558.125,79.03125,3580.15625
928,Cmdr. Nocturnous,SMOJAEA JA-U b30-0,,2,,,,,,,,,,,,,,,,,,,,15479.75,-2.0625,3439.25
930,Cmdr. Nocturnous,SMOJAEA KA-U b30-0,,3,"LIVIDUM, BULLET",,"LINDIGOTICUM, FLAVUM",,,,,,,,,,,,,,,,,15504.9375,-2.4375,3445.9375
933,Cmdr. Nocturnous,SMOJAEA KD-K d8-3,,2,"CEREUM, BULLET",,,"FLAVUM, PURPUREUM",,,,,,,,,,,,,,,,15365.8125,37.09375,3529.75
935,CMDR ADM INFWHALE,SMOJAEA KI-K D8-5,,3,"LIVIDUM, BULLET",,"ROSEUM, FLAVUM",,,,,,,,,,,,,,,,,15505.34375,110.375,3574.65625
940,Cmdr. Nocturnous,SMOJAEA LV-T b30-0,,3,"CEREUM, BULLET",,RUBEUM,"FLAVUM, PURPUREUM",LINDIGOTICUM,,,,,,,,,,,,,,,15492.34375,-7.53125,3445.40625
943,CMDR ADM INFWHALE,SMOJAEA OO-I D9-4,,3,,,,,,,,,,,,,,,,,,,,15523.8125,109.53125,3612.71875
946,CMDR ADM INFWHALE,SMOJAEA PD-M B35-0,,3,,,"ROSEUM, LINDIGOTICUM",,,,,,,,,,,,,,,,,15398.375,96.6875,3538.46875
949,Cmdr. Nocturnous,SMOJAEA QX-O b33-0,,1,"VIRIDE, BULLET",,ROSEUM,,RUBEUM,,,,,,,,,,,,,,,15426.34375,28.34375,3507.625
950,CMDR ADM INFWHALE,SMOJAEA WB-T C17-0,,2,"CEREUM, BULLET",,,"FLAVUM, PRASINUM",,,,,,,,,,,,,,,,15456.15625,97.1875,3538.21875
952,CMDR ADM INFWHALE,SMOJAEA WW-A C14-0,,2,,,,,,,,,,,,,,,,,,,,15383.8125,260.40625,3411.625
954,Cmdr Toile Rewyd,Smojaea ON-G b53-0,Y,2,,,,,,,,,,,,,,,,,,,,15300.3125,298.9375,3917.6875
956,Cmdr Toile Rewyd,Smojaea SL-C d13-0,Y,2,,,,,,,,,,,,,,,,,,,,15300.6875,469.40625,3909.5625
961,CMDR ADM INFWHALE,BLAEA EUQ AU-A D4,,2,,,,,,,,,,,,,,,,,,,,14720.59375,313.46875,4124.53125
963,CMDR ADM INFWHALE,BLAEA EUQ FU-R C4-0,,1,,,,,,,,,,,,,,,,,,,,14696.0,100.25,4257.96875
964,CMDR ADM INFWHALE,BLAEA EUQ FU-R C4-1,,1,,,,,,,,,,,,,,,,,,,,14698.625,97.46875,4260.875
965,CMDR ADM INFWHALE,BLAEA EUQ FU-R C4-2,,1,,,,,,,,,,,,,,,,,,,,14696.96875,97.8125,4262.84375
966,CMDR ADM INFWHALE,BLAEA EUQ FU-R C4-3,,2,,,,,,,,,,,,,,,,,,,,14695.9375,102.15625,4261.25
968,CMDR ADM INFWHALE,BLAEA EUQ HE-B C0,,1,"LIVIDUM, BULLET",,PRASINUM,,,,,,,,,,,,,,,,,14800.71875,244.8125,4093.71875
969,CMDR ADM INFWHALE,BLAEA EUQ HZ-S C3-3,,1,,,,,,,,,,,,,,,,,,,,14698.78125,2.09375,4252.71875
971,CMDR ADM INFWHALE,BLAEA EUQ JL-A B0,,1,,,,,,,,,,,,,,,,,,,,14807.5625,31.9375,4059.0
973,CMDR ADM INFWHALE,BLAEA EUQ KE-Q B6-0,,2,,,,,,,,,,,,,,,,,,,,14703.34375,235.5625,4206.25
975,CMDR ADM INFWHALE,BLAEA EUQ KO-J B9-0,,2,,,,,,,,,,,,,,,,,,,,14697.96875,98.65625,4260.59375
977,CMDR ADM INFWHALE,BLAEA EUQ MJ-J B9-1,,2,,,,,,,,,,,,,,,,,,,,14696.625,81.3125,4259.375
979,CMDR ADM INFWHALE,BLAEA EUQ OK-O B7-0,,2,,,,,,,,,,,,,,,,,,,,14698.15625,237.0625,4219.0625
981,CMDR ADM INFWHALE,BLAEA EUQ OR-W D1-4,,2,,,,,,,,,,,,,,,,,,,,14703.46875,131.8125,4245.5625
983,CMDR ADM INFWHALE,BLAEA EUQ OR-W D1-17,,2,,,,,,,,,,,,,,,,,,,,14704.15625,112.25,4246.4375
985,CMDR ADM INFWHALE,BLAEA EUQ PB-W C2-0,,2,,,,,,,,,,,,,,,,,,,,14699.40625,260.28125,4176.3125
987,CMDR ADM INFWHALE,BLAEA EUQ PZ-I B9-1,,1,,,,,,,,,,,,,,,,,,,,14684.40625,51.59375,4258.78125
988,CMDR ADM INFWHALE,BLAEA EUQ QH-Y B0,,3,,,,,,,,,,,,,,,,,,,,14777.84375,-20.78125,4077.96875
991,CMDR ADM INFWHALE,BLAEA EUQ SD-V B2-0,,2,,,,,,,,,,,,,,,,,,,,14745.84375,22.875,4116.6875
993,CMDR ADM INFWHALE,BLAEA EUQ VH-C C0,,1,"RUBEUM, BULLET",,"RUBEUM, PRASINUM",,,,,,,,,,,,,,,,,14777.4375,459.125,4057.96875
994,CMDR ADM INFWHALE,BLAEA EUQ WE-A B1-0,,1,FLAVUM BULLET,,"RUBEUM, PRASINUM",,,,,,,,,,,,,,,,,14780.125,176.0,4078.96875
